-- phpMyAdmin SQL Dump
-- version 4.6.5.2
-- https://www.phpmyadmin.net/
--
-- Servidor: 127.0.0.1
-- Tiempo de generación: 25-06-2017 a las 20:25:00
-- Versión del servidor: 10.1.21-MariaDB
-- Versión de PHP: 7.0.15

SET SQL_MODE = "NO_AUTO_VALUE_ON_ZERO";
SET time_zone = "+00:00";


/*!40101 SET @OLD_CHARACTER_SET_CLIENT=@@CHARACTER_SET_CLIENT */;
/*!40101 SET @OLD_CHARACTER_SET_RESULTS=@@CHARACTER_SET_RESULTS */;
/*!40101 SET @OLD_COLLATION_CONNECTION=@@COLLATION_CONNECTION */;
/*!40101 SET NAMES utf8mb4 */;

--
-- Base de datos: `pisense`
--

-- --------------------------------------------------------

--
-- Estructura de tabla para la tabla `cards`
--

CREATE TABLE `cards` (
  `id` int(11) NOT NULL,
  `identity` varchar(30) NOT NULL,
  `name` varchar(30) NOT NULL,
  `forAdmin` tinyint(1) NOT NULL DEFAULT '1'
) ENGINE=InnoDB DEFAULT CHARSET=utf8;

--
-- Volcado de datos para la tabla `cards`
--

INSERT INTO `cards` (`id`, `identity`, `name`, `forAdmin`) VALUES
(1, 'G_STATIONS', 'Get Stations Info', 1),
(2, 'S_MEASURE', 'Set Measure on Slot', 1),
(3, 'G_SLOTS', 'Get Slots of a given Room', 1),
(4, 'G_ROOMS', 'Get Rooms', 0),
(5, 'S_NEWSTATION', 'Add a brand new station', 1),
(6, 'G_TOP', 'Get the 5 most visited rooms', 0),
(7, 'G_FAVORITE', 'Get favorite rooms from user', 0);

-- --------------------------------------------------------

--
-- Estructura de tabla para la tabla `cellboard`
--

CREATE TABLE `cellboard` (
  `cellId` varchar(2) NOT NULL
) ENGINE=InnoDB DEFAULT CHARSET=utf8;

--
-- Volcado de datos para la tabla `cellboard`
--

INSERT INTO `cellboard` (`cellId`) VALUES
('11'),
('12'),
('13'),
('21'),
('22'),
('23'),
('31'),
('32'),
('33');

-- --------------------------------------------------------

--
-- Estructura de tabla para la tabla `dashboardprofiles`
--

CREATE TABLE `dashboardprofiles` (
  `id` int(11) NOT NULL,
  `userEmail` varchar(30) NOT NULL,
  `cell` varchar(2) NOT NULL,
  `cardIdentity` varchar(30) NOT NULL
) ENGINE=InnoDB DEFAULT CHARSET=utf8;

--
-- Volcado de datos para la tabla `dashboardprofiles`
--

INSERT INTO `dashboardprofiles` (`id`, `userEmail`, `cell`, `cardIdentity`) VALUES
(13, 'secalero@ucm.es', '32', 'G_TOP'),
(14, 'secalero@ucm.es', '12', 'G_STATIONS'),
(15, 'secalero@ucm.es', '11', 'G_ROOMS'),
(16, 'secalero@ucm.es', '21', 'G_SLOTS'),
(17, 'secalero@ucm.es', '22', 'S_MEASURE'),
(18, 'secalero@ucm.es', '13', 'S_NEWSTATION'),
(22, 'user.basic@ucm.es', '11', 'G_FAVORITE'),
(23, 'user.basic@ucm.es', '12', 'G_FAVORITE'),
(24, 'user.basic@ucm.es', '13', 'G_FAVORITE'),
(25, 'user.basic@ucm.es', '22', 'G_TOP'),
(26, 'user.basic@ucm.es', '21', 'G_ROOMS');

-- --------------------------------------------------------

--
-- Estructura de tabla para la tabla `favorites`
--

CREATE TABLE `favorites` (
  `id` int(11) NOT NULL,
  `idUser` int(11) NOT NULL,
  `idRoom` int(11) NOT NULL
) ENGINE=InnoDB DEFAULT CHARSET=utf8;

--
-- Volcado de datos para la tabla `favorites`
--

INSERT INTO `favorites` (`id`, `idUser`, `idRoom`) VALUES
(24, 2, 1),
(25, 1, 8),
(26, 1, 1),
(27, 3, 8),
(28, 3, 2),
(29, 3, 1);

-- --------------------------------------------------------

--
-- Estructura de tabla para la tabla `measurelogs`
--

CREATE TABLE `measurelogs` (
  `roomslotid` int(11) NOT NULL,
  `measuretrack` varchar(16) NOT NULL,
  `date` datetime NOT NULL DEFAULT CURRENT_TIMESTAMP
) ENGINE=InnoDB DEFAULT CHARSET=utf8;

--
-- Volcado de datos para la tabla `measurelogs`
--

INSERT INTO `measurelogs` (`roomslotid`, `measuretrack`, `date`) VALUES
(1, '1234567890abcdef', '2017-04-27 19:10:58'),
(2, 'abcdef1234567890', '2017-04-27 19:23:16'),
(5, 'THN1-2017-05-14', '2017-05-06 17:45:07'),
(9, 'THN2-2017-05-14', '2017-05-06 17:45:07'),
(13, 'THN3-2017-05-14', '2017-05-06 17:45:07'),
(17, 'THN4-2017-05-14', '2017-05-06 17:45:07'),
(21, 'THN5-2017-05-14', '2017-05-06 17:45:07'),
(25, 'THN6-2017-05-14', '2017-05-06 17:45:07'),
(29, 'THN7-2017-05-14', '2017-05-06 17:45:07'),
(33, 'THN8-2017-05-14', '2017-05-06 17:45:07'),
(37, 'THN9-2017-05-14', '2017-05-06 17:45:07'),
(41, 'THN10-2017-05-14', '2017-05-06 17:45:07'),
(48, '51eb6dba2c915dd9', '2017-06-24 19:19:33');

-- --------------------------------------------------------

--
-- Estructura de tabla para la tabla `measures`
--

CREATE TABLE `measures` (
  `id` int(11) NOT NULL,
  `track` varchar(16) NOT NULL,
  `Date` datetime NOT NULL DEFAULT CURRENT_TIMESTAMP,
  `stationname` varchar(20) NOT NULL,
  `temperature` decimal(3,1) DEFAULT NULL,
  `humidity` decimal(3,1) DEFAULT NULL,
  `noise` int(2) DEFAULT NULL
) ENGINE=InnoDB DEFAULT CHARSET=utf8 ROW_FORMAT=COMPACT;

--
-- Volcado de datos para la tabla `measures`
--

INSERT INTO `measures` (`id`, `track`, `Date`, `stationname`, `temperature`, `humidity`, `noise`) VALUES
(1, '1234567890abcdef', '2017-04-27 18:21:49', 'testacion1', '20.0', '40.0', 15),
(2, '1234567890abcdef', '2017-04-27 19:21:49', 'testacion1', '22.0', '38.0', 12),
(3, 'abcdef1234567890', '2017-04-27 18:24:40', 'testacion2', '18.0', '45.0', NULL),
(4, 'abcdef1234567890', '2017-04-27 19:24:40', 'testacion2', '17.0', '48.0', NULL),
(5, 'abcdef1234567890', '2017-04-27 18:25:39', 'testacion2', '20.0', '43.0', NULL),
(6, '1234567890abcdef', '2017-04-28 08:00:00', 'testacion1', '21.0', '35.0', 7),
(7, '1234567890abcdef', '2017-04-29 08:00:00', 'testacion1', '20.5', '32.0', 6),
(8, '1234567890abcdef', '2017-04-30 08:00:00', 'testacion1', '19.0', '30.0', 7),
(9, '1234567890abcdef', '2017-05-01 08:00:00', 'testacion1', '18.0', '29.0', 8),
(10, '1234567890abcdef', '2017-05-02 08:00:00', 'testacion1', '19.5', '31.0', 7),
(11, '1234567890abcdef', '2017-05-03 08:00:00', 'testacion1', '20.5', '27.0', 6),
(12, '1234567890abcdef', '2017-05-04 08:00:00', 'testacion1', '19.0', '29.0', 7),
(13, '1234567890abcdef', '2017-05-05 08:00:00', 'testacion1', '17.0', '42.5', 6),
(16, '1234567890abcdef', '2017-05-14 12:59:56', 'testacion1', '25.0', '42.0', 12),
(17, '1234567890abcdef', '2017-05-14 13:03:12', 'testacion1', '24.0', '41.0', 2),
(18, 'THN1-2017-05-14', '2017-05-07 12:00:00', 'THN1', '18.0', '28.0', 1),
(19, 'THN1-2017-05-14', '2017-05-08 12:00:00', 'THN1', '20.0', '35.0', 12),
(20, 'THN1-2017-05-14', '2017-05-09 12:00:00', 'THN1', '18.0', '36.0', 13),
(21, 'THN1-2017-05-14', '2017-05-10 12:00:00', 'THN1', '17.0', '34.0', 13),
(22, 'THN1-2017-05-14', '2017-05-11 12:00:00', 'THN1', '19.0', '35.0', 12),
(23, 'THN1-2017-05-14', '2017-05-12 12:00:00', 'THN1', '20.0', '31.0', 10),
(24, 'THN1-2017-05-14', '2017-05-13 12:00:00', 'THN1', '16.0', '42.0', 2),
(25, 'THN1-2017-05-14', '2017-05-14 12:00:00', 'THN1', '20.0', '31.0', 1),
(26, 'THN2-2017-05-14', '2017-05-07 12:00:00', 'THN2', '17.0', '29.0', 0),
(27, 'THN2-2017-05-14', '2017-05-08 12:00:00', 'THN2', '19.0', '34.0', 10),
(28, 'THN2-2017-05-14', '2017-05-09 12:00:00', 'THN2', '18.0', '32.0', 12),
(29, 'THN2-2017-05-14', '2017-05-10 12:00:00', 'THN2', '16.0', '30.0', 12),
(30, 'THN2-2017-05-14', '2017-05-11 12:00:00', 'THN2', '18.0', '34.0', 11),
(31, 'THN2-2017-05-14', '2017-05-12 12:00:00', 'THN2', '19.0', '28.0', 13),
(32, 'THN2-2017-05-14', '2017-05-13 12:00:00', 'THN2', '19.0', '32.0', 0),
(33, 'THN2-2017-05-14', '2017-05-14 12:00:00', 'THN2', '16.0', '39.0', 1),
(34, 'THN3-2017-05-14', '2017-05-07 12:00:00', 'THN3', '18.0', '32.0', 2),
(35, 'THN3-2017-05-14', '2017-05-08 12:00:00', 'THN3', '21.0', '30.0', 11),
(36, 'THN3-2017-05-14', '2017-05-09 12:00:00', 'THN3', '20.0', '31.0', 12),
(37, 'THN3-2017-05-14', '2017-05-10 12:00:00', 'THN3', '17.0', '33.0', 13),
(38, 'THN3-2017-05-14', '2017-05-11 12:00:00', 'THN3', '18.0', '32.0', 15),
(39, 'THN3-2017-05-14', '2017-05-12 12:00:00', 'THN3', '19.0', '29.0', 12),
(40, 'THN3-2017-05-14', '2017-05-13 12:00:00', 'THN3', '20.0', '30.0', 4),
(41, 'THN3-2017-05-14', '2017-05-14 12:00:00', 'THN3', '17.0', '35.0', 3),
(42, 'THN4-2017-05-14', '2017-05-07 12:00:00', 'THN4', '19.0', '30.0', 2),
(43, 'THN4-2017-05-14', '2017-05-08 12:00:00', 'THN4', '22.0', '30.0', 15),
(44, 'THN4-2017-05-14', '2017-05-09 12:00:00', 'THN4', '19.0', '28.0', 14),
(45, 'THN4-2017-05-14', '2017-05-10 12:00:00', 'THN4', '18.0', '30.0', 16),
(46, 'THN4-2017-05-14', '2017-05-11 12:00:00', 'THN4', '19.0', '31.0', 14),
(47, 'THN4-2017-05-14', '2017-05-12 12:00:00', 'THN4', '21.0', '27.0', 13),
(48, 'THN4-2017-05-14', '2017-05-13 12:00:00', 'THN4', '17.0', '32.0', 5),
(49, 'THN4-2017-05-14', '2017-05-14 12:00:00', 'THN4', '18.0', '40.0', 4),
(50, 'THN5-2017-05-14', '2017-05-07 12:00:00', 'THN5', '18.0', '29.0', 2),
(51, 'THN5-2017-05-14', '2017-05-08 12:00:00', 'THN5', '21.0', '34.0', 16),
(52, 'THN5-2017-05-14', '2017-05-09 12:00:00', 'THN5', '18.0', '29.0', 12),
(53, 'THN5-2017-05-14', '2017-05-10 12:00:00', 'THN5', '21.0', '31.0', 15),
(54, 'THN5-2017-05-14', '2017-05-11 12:00:00', 'THN5', '18.0', '33.0', 16),
(55, 'THN5-2017-05-14', '2017-05-12 12:00:00', 'THN5', '19.0', '34.0', 19),
(56, 'THN5-2017-05-14', '2017-05-13 12:00:00', 'THN5', '19.0', '36.0', 4),
(57, 'THN5-2017-05-14', '2017-05-14 12:00:00', 'THN5', '20.0', '45.0', 3),
(58, 'THN6-2017-05-14', '2017-05-07 12:00:00', 'THN6', '22.0', '32.0', 5),
(59, 'THN6-2017-05-14', '2017-05-08 12:00:00', 'THN6', '20.0', '42.0', 27),
(60, 'THN6-2017-05-14', '2017-05-09 12:00:00', 'THN6', '20.0', '35.0', 25),
(61, 'THN6-2017-05-14', '2017-05-10 12:00:00', 'THN6', '22.0', '36.0', 26),
(62, 'THN6-2017-05-14', '2017-05-11 12:00:00', 'THN6', '20.0', '37.0', 22),
(63, 'THN6-2017-05-14', '2017-05-12 12:00:00', 'THN6', '18.0', '39.0', 32),
(64, 'THN6-2017-05-14', '2017-05-13 12:00:00', 'THN6', '17.0', '42.0', 6),
(65, 'THN6-2017-05-14', '2017-05-14 12:00:00', 'THN6', '19.0', '49.0', 5),
(66, 'THN7-2017-05-14', '2017-05-07 12:00:00', 'THN7', '20.0', '30.0', 9),
(67, 'THN7-2017-05-14', '2017-05-08 12:00:00', 'THN7', '21.0', '25.0', 20),
(68, 'THN7-2017-05-14', '2017-05-09 12:00:00', 'THN7', '21.0', '28.0', 19),
(69, 'THN7-2017-05-14', '2017-05-10 12:00:00', 'THN7', '18.0', '29.0', 25),
(70, 'THN7-2017-05-14', '2017-05-11 12:00:00', 'THN7', '19.0', '25.0', 26),
(71, 'THN7-2017-05-14', '2017-05-12 12:00:00', 'THN7', '20.0', '31.0', 24),
(72, 'THN7-2017-05-14', '2017-05-13 12:00:00', 'THN7', '16.0', '36.0', 8),
(73, 'THN7-2017-05-14', '2017-05-14 12:00:00', 'THN7', '18.0', '30.0', 6),
(74, 'THN8-2017-05-14', '2017-05-07 12:00:00', 'THN8', '24.0', '28.0', 8),
(75, 'THN8-2017-05-14', '2017-05-08 12:00:00', 'THN8', '25.0', '27.0', 34),
(76, 'THN8-2017-05-14', '2017-05-09 12:00:00', 'THN8', '25.0', '35.0', 42),
(77, 'THN8-2017-05-14', '2017-05-10 12:00:00', 'THN8', '23.0', '42.0', 47),
(78, 'THN8-2017-05-14', '2017-05-11 12:00:00', 'THN8', '21.0', '44.0', 39),
(79, 'THN8-2017-05-14', '2017-05-12 12:00:00', 'THN8', '24.0', '46.0', 25),
(80, 'THN8-2017-05-14', '2017-05-13 12:00:00', 'THN8', '19.0', '39.0', 12),
(81, 'THN8-2017-05-14', '2017-05-14 12:00:00', 'THN8', '17.0', '25.0', 10),
(82, 'THN9-2017-05-14', '2017-05-07 12:00:00', 'THN9', '20.0', '34.0', 10),
(83, 'THN9-2017-05-14', '2017-05-08 12:00:00', 'THN9', '21.0', '36.0', 12),
(84, 'THN9-2017-05-14', '2017-05-09 12:00:00', 'THN9', '24.0', '41.0', 14),
(85, 'THN9-2017-05-14', '2017-05-10 12:00:00', 'THN9', '19.0', '46.0', 15),
(86, 'THN9-2017-05-14', '2017-05-11 12:00:00', 'THN9', '17.0', '47.0', 12),
(87, 'THN9-2017-05-14', '2017-05-12 12:00:00', 'THN9', '19.0', '42.0', 16),
(88, 'THN9-2017-05-14', '2017-05-13 12:00:00', 'THN9', '16.0', '45.0', 17),
(89, 'THN9-2017-05-14', '2017-05-14 12:00:00', 'THN9', '14.0', '39.0', 12),
(90, 'THN10-2017-05-14', '2017-05-07 12:00:00', 'THN10', '21.0', '31.0', 10),
(91, 'THN10-2017-05-14', '2017-05-08 12:00:00', 'THN10', '22.0', '34.0', 10),
(92, 'THN10-2017-05-14', '2017-05-09 12:00:00', 'THN10', '25.0', '40.0', 12),
(93, 'THN10-2017-05-14', '2017-05-10 12:00:00', 'THN10', '22.0', '43.0', 13),
(94, 'THN10-2017-05-14', '2017-05-11 12:00:00', 'THN10', '19.0', '45.0', 11),
(95, 'THN10-2017-05-14', '2017-05-12 12:00:00', 'THN10', '21.0', '37.0', 15),
(96, 'THN10-2017-05-14', '2017-05-13 12:00:00', 'THN10', '17.0', '39.0', 12),
(97, 'THN10-2017-05-14', '2017-05-14 12:00:00', 'THN10', '15.0', '39.0', 10),
(99, '1234567890abcdef', '2017-05-15 12:00:00', 'testacion1', '26.0', '32.0', 16),
(100, 'THN1-2017-05-14', '2017-05-15 12:00:00', 'THN1', '24.0', '30.0', 16),
(101, 'THN2-2017-05-14', '2017-05-15 12:00:00', 'THN2', '25.0', '32.0', 12),
(102, 'THN3-2017-05-14', '2017-05-15 12:00:00', 'THN3', '24.0', '27.0', 10),
(103, 'THN4-2017-05-14', '2017-05-15 12:00:00', 'THN4', '25.0', '31.0', 17),
(104, 'THN5-2017-05-14', '2017-05-15 12:00:00', 'THN5', '25.0', '30.0', 21),
(105, 'THN6-2017-05-14', '2017-05-15 12:00:00', 'THN6', '24.0', '35.0', 10),
(106, 'THN7-2017-05-14', '2017-05-15 12:00:00', 'THN7', '23.0', '28.0', 14),
(107, 'THN8-2017-05-14', '2017-05-15 12:00:00', 'THN8', '24.0', '35.0', 25),
(108, 'THN9-2017-05-14', '2017-05-15 12:00:00', 'THN9', '23.0', '31.0', 16),
(109, 'THN10-2017-05-14', '2017-05-15 12:00:00', 'THN10', '22.0', '36.0', 12),
(110, '1234567890abcdef', '2017-05-16 12:00:00', 'testacion1', '27.0', '32.0', 16),
(111, 'THN1-2017-05-14', '2017-05-16 12:00:00', 'THN1', '24.0', '30.0', 16),
(112, 'THN2-2017-05-14', '2017-05-16 12:00:00', 'THN2', '25.0', '32.0', 12),
(113, 'THN3-2017-05-14', '2017-05-16 12:00:00', 'THN3', '24.0', '27.0', 10),
(114, 'THN4-2017-05-14', '2017-05-16 12:00:00', 'THN4', '25.0', '31.0', 17),
(115, 'THN5-2017-05-14', '2017-05-16 12:00:00', 'THN5', '25.0', '30.0', 21),
(116, 'THN6-2017-05-14', '2017-05-16 12:00:00', 'THN6', '24.0', '35.0', 10),
(117, 'THN7-2017-05-14', '2017-05-16 12:00:00', 'THN7', '23.0', '28.0', 14),
(118, 'THN8-2017-05-14', '2017-05-16 12:00:00', 'THN8', '24.0', '35.0', 25),
(119, 'THN9-2017-05-14', '2017-05-16 12:00:00', 'THN9', '23.0', '31.0', 16),
(120, 'THN10-2017-05-14', '2017-05-16 12:00:00', 'THN10', '22.0', '36.0', 12),
(121, '1234567890abcdef', '2017-05-17 12:00:00', 'testacion1', '26.0', '32.0', 16),
(122, 'THN1-2017-05-14', '2017-05-17 12:00:00', 'THN1', '24.0', '30.0', 16),
(123, 'THN2-2017-05-14', '2017-05-17 12:00:00', 'THN2', '25.0', '32.0', 12),
(124, 'THN3-2017-05-14', '2017-05-17 12:00:00', 'THN3', '24.0', '27.0', 10),
(125, 'THN4-2017-05-14', '2017-05-17 12:00:00', 'THN4', '25.0', '31.0', 17),
(126, 'THN5-2017-05-14', '2017-05-17 12:00:00', 'THN5', '25.0', '30.0', 21),
(127, 'THN6-2017-05-14', '2017-05-17 12:00:00', 'THN6', '24.0', '35.0', 10),
(128, 'THN7-2017-05-14', '2017-05-17 12:00:00', 'THN7', '23.0', '28.0', 14),
(129, 'THN8-2017-05-14', '2017-05-17 12:00:00', 'THN8', '24.0', '35.0', 25),
(130, 'THN9-2017-05-14', '2017-05-17 12:00:00', 'THN9', '23.0', '31.0', 16),
(131, 'THN10-2017-05-14', '2017-05-17 12:00:00', 'THN10', '22.0', '36.0', 12),
(132, '1234567890abcdef', '2017-05-17 12:00:00', 'testacion1', '26.0', '32.0', 16),
(133, 'THN1-2017-05-14', '2017-05-17 12:00:00', 'THN1', '24.0', '30.0', 16),
(134, 'THN2-2017-05-14', '2017-05-17 12:00:00', 'THN2', '25.0', '32.0', 12),
(135, 'THN3-2017-05-14', '2017-05-17 12:00:00', 'THN3', '24.0', '27.0', 10),
(136, 'THN4-2017-05-14', '2017-05-17 12:00:00', 'THN4', '25.0', '31.0', 17),
(137, 'THN5-2017-05-14', '2017-05-17 12:00:00', 'THN5', '25.0', '30.0', 21),
(138, 'THN6-2017-05-14', '2017-05-17 12:00:00', 'THN6', '24.0', '35.0', 10),
(139, 'THN7-2017-05-14', '2017-05-17 12:00:00', 'THN7', '23.0', '28.0', 14),
(140, 'THN8-2017-05-14', '2017-05-17 12:00:00', 'THN8', '24.0', '35.0', 25),
(141, 'THN9-2017-05-14', '2017-05-17 12:00:00', 'THN9', '23.0', '31.0', 16),
(142, 'THN10-2017-05-14', '2017-05-17 12:00:00', 'THN10', '22.0', '36.0', 12),
(143, '1234567890abcdef', '2017-05-18 12:00:00', 'testacion1', '26.0', '32.0', 16),
(144, 'THN1-2017-05-14', '2017-05-18 12:00:00', 'THN1', '24.0', '30.0', 16),
(145, 'THN2-2017-05-14', '2017-05-18 12:00:00', 'THN2', '25.0', '32.0', 12),
(146, 'THN3-2017-05-14', '2017-05-18 12:00:00', 'THN3', '24.0', '27.0', 10),
(147, 'THN4-2017-05-14', '2017-05-18 12:00:00', 'THN4', '25.0', '31.0', 17),
(148, 'THN5-2017-05-14', '2017-05-18 12:00:00', 'THN5', '25.0', '30.0', 21),
(149, 'THN6-2017-05-14', '2017-05-18 12:00:00', 'THN6', '24.0', '35.0', 10),
(150, 'THN7-2017-05-14', '2017-05-18 12:00:00', 'THN7', '23.0', '28.0', 14),
(151, 'THN8-2017-05-14', '2017-05-18 12:00:00', 'THN8', '24.0', '35.0', 25),
(152, 'THN9-2017-05-14', '2017-05-18 12:00:00', 'THN9', '23.0', '31.0', 16),
(153, 'THN10-2017-05-14', '2017-05-18 12:00:00', 'THN10', '22.0', '36.0', 12),
(154, '1234567890abcdef', '2017-05-19 12:00:00', 'testacion1', '26.0', '32.0', 16),
(155, 'THN1-2017-05-14', '2017-05-19 12:00:00', 'THN1', '24.0', '30.0', 16),
(156, 'THN2-2017-05-14', '2017-05-19 12:00:00', 'THN2', '25.0', '32.0', 12),
(157, 'THN3-2017-05-14', '2017-05-19 12:00:00', 'THN3', '24.0', '27.0', 10),
(158, 'THN4-2017-05-14', '2017-05-19 12:00:00', 'THN4', '25.0', '31.0', 17),
(159, 'THN5-2017-05-14', '2017-05-19 12:00:00', 'THN5', '25.0', '30.0', 21),
(160, 'THN6-2017-05-14', '2017-05-19 12:00:00', 'THN6', '24.0', '35.0', 10),
(161, 'THN7-2017-05-14', '2017-05-19 12:00:00', 'THN7', '23.0', '28.0', 14),
(162, 'THN8-2017-05-14', '2017-05-19 12:00:00', 'THN8', '24.0', '35.0', 25),
(163, 'THN9-2017-05-14', '2017-05-19 12:00:00', 'THN9', '23.0', '31.0', 16),
(164, 'THN10-2017-05-14', '2017-05-19 12:00:00', 'THN10', '22.0', '36.0', 12),
(165, '1234567890abcdef', '2017-05-20 12:00:00', 'testacion1', '26.0', '32.0', 16),
(166, 'THN1-2017-05-14', '2017-05-20 12:00:00', 'THN1', '24.0', '30.0', 16),
(167, 'THN2-2017-05-14', '2017-05-20 12:00:00', 'THN2', '25.0', '32.0', 12),
(168, 'THN3-2017-05-14', '2017-05-20 12:00:00', 'THN3', '24.0', '27.0', 10),
(169, 'THN4-2017-05-14', '2017-05-20 12:00:00', 'THN4', '25.0', '31.0', 17),
(170, 'THN5-2017-05-14', '2017-05-20 12:00:00', 'THN5', '25.0', '30.0', 21),
(171, 'THN6-2017-05-14', '2017-05-20 12:00:00', 'THN6', '24.0', '35.0', 10),
(172, 'THN7-2017-05-14', '2017-05-20 12:00:00', 'THN7', '23.0', '28.0', 14),
(173, 'THN8-2017-05-14', '2017-05-20 12:00:00', 'THN8', '24.0', '35.0', 25),
(174, 'THN9-2017-05-14', '2017-05-20 12:00:00', 'THN9', '23.0', '31.0', 16),
(175, 'THN10-2017-05-14', '2017-05-20 12:00:00', 'THN10', '22.0', '36.0', 12),
(176, '1234567890abcdef', '2017-05-21 12:00:00', 'testacion1', '26.0', '32.0', 16),
(177, 'THN1-2017-05-14', '2017-05-21 12:00:00', 'THN1', '24.0', '30.0', 16),
(178, 'THN2-2017-05-14', '2017-05-21 12:00:00', 'THN2', '25.0', '32.0', 12),
(179, 'THN3-2017-05-14', '2017-05-21 12:00:00', 'THN3', '24.0', '27.0', 10),
(180, 'THN4-2017-05-14', '2017-05-21 12:00:00', 'THN4', '25.0', '31.0', 17),
(181, 'THN5-2017-05-14', '2017-05-21 12:00:00', 'THN5', '25.0', '30.0', 21),
(182, 'THN6-2017-05-14', '2017-05-21 12:00:00', 'THN6', '24.0', '35.0', 10),
(183, 'THN7-2017-05-14', '2017-05-21 12:00:00', 'THN7', '23.0', '28.0', 14),
(184, 'THN8-2017-05-14', '2017-05-21 12:00:00', 'THN8', '24.0', '35.0', 25),
(185, 'THN9-2017-05-14', '2017-05-21 12:00:00', 'THN9', '23.0', '31.0', 16),
(186, 'THN10-2017-05-14', '2017-05-21 12:00:00', 'THN10', '22.0', '36.0', 12),
(187, '1234567890abcdef', '2017-05-22 12:00:00', 'testacion1', '26.0', '32.0', 16),
(188, 'THN1-2017-05-14', '2017-05-22 12:00:00', 'THN1', '24.0', '30.0', 16),
(189, 'THN2-2017-05-14', '2017-05-22 12:00:00', 'THN2', '25.0', '32.0', 12),
(190, 'THN3-2017-05-14', '2017-05-22 12:00:00', 'THN3', '24.0', '27.0', 10),
(191, 'THN4-2017-05-14', '2017-05-22 12:00:00', 'THN4', '25.0', '31.0', 17),
(192, 'THN5-2017-05-14', '2017-05-22 12:00:00', 'THN5', '25.0', '30.0', 21),
(193, 'THN6-2017-05-14', '2017-05-22 12:00:00', 'THN6', '24.0', '35.0', 10),
(194, 'THN7-2017-05-14', '2017-05-22 12:00:00', 'THN7', '23.0', '28.0', 14),
(195, 'THN8-2017-05-14', '2017-05-22 12:00:00', 'THN8', '24.0', '35.0', 25),
(196, 'THN9-2017-05-14', '2017-05-22 12:00:00', 'THN9', '23.0', '31.0', 16),
(197, 'THN10-2017-05-14', '2017-05-22 12:00:00', 'THN10', '22.0', '36.0', 12),
(198, '1234567890abcdef', '2017-05-23 12:00:00', 'testacion1', '26.0', '32.0', 16),
(199, 'THN1-2017-05-14', '2017-05-23 12:00:00', 'THN1', '24.0', '30.0', 16),
(200, 'THN2-2017-05-14', '2017-05-23 12:00:00', 'THN2', '25.0', '32.0', 12),
(201, 'THN3-2017-05-14', '2017-05-23 12:00:00', 'THN3', '24.0', '27.0', 10),
(202, 'THN4-2017-05-14', '2017-05-23 12:00:00', 'THN4', '25.0', '31.0', 17),
(203, 'THN5-2017-05-14', '2017-05-23 12:00:00', 'THN5', '25.0', '30.0', 21),
(204, 'THN6-2017-05-14', '2017-05-23 12:00:00', 'THN6', '24.0', '35.0', 10),
(205, 'THN7-2017-05-14', '2017-05-23 12:00:00', 'THN7', '23.0', '28.0', 14),
(206, 'THN8-2017-05-14', '2017-05-23 12:00:00', 'THN8', '24.0', '35.0', 25),
(207, 'THN9-2017-05-14', '2017-05-23 12:00:00', 'THN9', '23.0', '31.0', 16),
(208, 'THN10-2017-05-14', '2017-05-23 12:00:00', 'THN10', '22.0', '36.0', 12),
(209, '1234567890abcdef', '2017-05-24 12:00:00', 'testacion1', '26.0', '32.0', 16),
(210, 'THN1-2017-05-14', '2017-05-24 12:00:00', 'THN1', '24.0', '30.0', 16),
(211, 'THN2-2017-05-14', '2017-05-24 12:00:00', 'THN2', '25.0', '32.0', 12),
(212, 'THN3-2017-05-14', '2017-05-24 12:00:00', 'THN3', '24.0', '27.0', 10),
(213, 'THN4-2017-05-14', '2017-05-24 12:00:00', 'THN4', '25.0', '31.0', 17),
(214, 'THN5-2017-05-14', '2017-05-24 12:00:00', 'THN5', '25.0', '30.0', 21),
(215, 'THN6-2017-05-14', '2017-05-24 12:00:00', 'THN6', '24.0', '35.0', 10),
(216, 'THN7-2017-05-14', '2017-05-24 12:00:00', 'THN7', '23.0', '28.0', 14),
(217, 'THN8-2017-05-14', '2017-05-24 12:00:00', 'THN8', '24.0', '35.0', 25),
(218, 'THN9-2017-05-14', '2017-05-24 12:00:00', 'THN9', '23.0', '31.0', 16),
(219, 'THN10-2017-05-14', '2017-05-24 12:00:00', 'THN10', '22.0', '36.0', 12),
(220, '1234567890abcdef', '2017-05-25 12:00:00', 'testacion1', '26.0', '32.0', 16),
(221, 'THN1-2017-05-14', '2017-05-25 12:00:00', 'THN1', '24.0', '30.0', 16),
(222, 'THN2-2017-05-14', '2017-05-25 12:00:00', 'THN2', '25.0', '32.0', 12),
(223, 'THN3-2017-05-14', '2017-05-25 12:00:00', 'THN3', '24.0', '27.0', 10),
(224, 'THN4-2017-05-14', '2017-05-25 12:00:00', 'THN4', '25.0', '31.0', 17),
(225, 'THN5-2017-05-14', '2017-05-25 12:00:00', 'THN5', '25.0', '30.0', 21),
(226, 'THN6-2017-05-14', '2017-05-25 12:00:00', 'THN6', '24.0', '35.0', 10),
(227, 'THN7-2017-05-14', '2017-05-25 12:00:00', 'THN7', '23.0', '28.0', 14),
(228, 'THN8-2017-05-14', '2017-05-25 12:00:00', 'THN8', '24.0', '35.0', 25),
(229, 'THN9-2017-05-14', '2017-05-25 12:00:00', 'THN9', '23.0', '31.0', 16),
(230, 'THN10-2017-05-14', '2017-05-25 12:00:00', 'THN10', '22.0', '36.0', 12),
(231, '1234567890abcdef', '2017-05-26 12:00:00', 'testacion1', '26.0', '32.0', 16),
(232, 'THN1-2017-05-14', '2017-05-26 12:00:00', 'THN1', '24.0', '30.0', 16),
(233, 'THN2-2017-05-14', '2017-05-26 12:00:00', 'THN2', '25.0', '32.0', 12),
(234, 'THN3-2017-05-14', '2017-05-26 12:00:00', 'THN3', '24.0', '27.0', 10),
(235, 'THN4-2017-05-14', '2017-05-26 12:00:00', 'THN4', '25.0', '31.0', 17),
(236, 'THN5-2017-05-14', '2017-05-26 12:00:00', 'THN5', '25.0', '30.0', 21),
(237, 'THN6-2017-05-14', '2017-05-26 12:00:00', 'THN6', '24.0', '35.0', 10),
(238, 'THN7-2017-05-14', '2017-05-26 12:00:00', 'THN7', '23.0', '28.0', 14),
(239, 'THN8-2017-05-14', '2017-05-26 12:00:00', 'THN8', '24.0', '35.0', 25),
(240, 'THN9-2017-05-14', '2017-05-26 12:00:00', 'THN9', '23.0', '31.0', 16),
(241, 'THN10-2017-05-14', '2017-05-26 12:00:00', 'THN10', '22.0', '36.0', 12),
(242, '1234567890abcdef', '2017-05-27 12:00:00', 'testacion1', '26.0', '32.0', 16),
(243, 'THN1-2017-05-14', '2017-05-27 12:00:00', 'THN1', '24.0', '30.0', 16),
(244, 'THN2-2017-05-14', '2017-05-27 12:00:00', 'THN2', '25.0', '32.0', 12),
(245, 'THN3-2017-05-14', '2017-05-27 12:00:00', 'THN3', '24.0', '27.0', 10),
(246, 'THN4-2017-05-14', '2017-05-27 12:00:00', 'THN4', '25.0', '31.0', 17),
(247, 'THN5-2017-05-14', '2017-05-27 12:00:00', 'THN5', '25.0', '30.0', 21),
(248, 'THN6-2017-05-14', '2017-05-27 12:00:00', 'THN6', '24.0', '35.0', 10),
(249, 'THN7-2017-05-14', '2017-05-27 12:00:00', 'THN7', '23.0', '28.0', 14),
(250, 'THN8-2017-05-14', '2017-05-27 12:00:00', 'THN8', '24.0', '35.0', 25),
(251, 'THN9-2017-05-14', '2017-05-27 12:00:00', 'THN9', '23.0', '31.0', 16),
(252, 'THN10-2017-05-14', '2017-05-27 12:00:00', 'THN10', '22.0', '36.0', 12),
(253, '1234567890abcdef', '2017-05-28 12:00:00', 'testacion1', '26.0', '32.0', 16),
(254, 'THN1-2017-05-14', '2017-05-28 12:00:00', 'THN1', '24.0', '30.0', 16),
(255, 'THN2-2017-05-14', '2017-05-28 12:00:00', 'THN2', '25.0', '32.0', 12),
(256, 'THN3-2017-05-14', '2017-05-28 12:00:00', 'THN3', '24.0', '27.0', 10),
(257, 'THN4-2017-05-14', '2017-05-28 12:00:00', 'THN4', '25.0', '31.0', 17),
(258, 'THN5-2017-05-14', '2017-05-28 12:00:00', 'THN5', '25.0', '30.0', 21),
(259, 'THN6-2017-05-14', '2017-05-28 12:00:00', 'THN6', '24.0', '35.0', 10),
(260, 'THN7-2017-05-14', '2017-05-28 12:00:00', 'THN7', '23.0', '28.0', 14),
(261, 'THN8-2017-05-14', '2017-05-28 12:00:00', 'THN8', '24.0', '35.0', 25),
(262, 'THN9-2017-05-14', '2017-05-28 12:00:00', 'THN9', '23.0', '31.0', 16),
(263, 'THN10-2017-05-14', '2017-05-28 12:00:00', 'THN10', '22.0', '36.0', 12),
(264, '1234567890abcdef', '2017-05-29 12:00:00', 'testacion1', '26.0', '32.0', 16),
(265, 'THN1-2017-05-14', '2017-05-29 12:00:00', 'THN1', '24.0', '30.0', 16),
(266, 'THN2-2017-05-14', '2017-05-29 12:00:00', 'THN2', '25.0', '32.0', 12),
(267, 'THN3-2017-05-14', '2017-05-29 12:00:00', 'THN3', '24.0', '27.0', 10),
(268, 'THN4-2017-05-14', '2017-05-29 12:00:00', 'THN4', '25.0', '31.0', 17),
(269, 'THN5-2017-05-14', '2017-05-29 12:00:00', 'THN5', '25.0', '30.0', 21),
(270, 'THN6-2017-05-14', '2017-05-29 12:00:00', 'THN6', '24.0', '35.0', 10),
(271, 'THN7-2017-05-14', '2017-05-29 12:00:00', 'THN7', '23.0', '28.0', 14),
(272, 'THN8-2017-05-14', '2017-05-29 12:00:00', 'THN8', '24.0', '35.0', 25),
(273, 'THN9-2017-05-14', '2017-05-29 12:00:00', 'THN9', '23.0', '31.0', 16),
(274, 'THN10-2017-05-14', '2017-05-29 12:00:00', 'THN10', '22.0', '36.0', 12),
(275, '1234567890abcdef', '2017-05-30 12:00:00', 'testacion1', '26.0', '32.0', 16),
(276, 'THN1-2017-05-14', '2017-05-30 12:00:00', 'THN1', '24.0', '30.0', 16),
(277, 'THN2-2017-05-14', '2017-05-30 12:00:00', 'THN2', '25.0', '32.0', 12),
(278, 'THN3-2017-05-14', '2017-05-30 12:00:00', 'THN3', '24.0', '27.0', 10),
(279, 'THN4-2017-05-14', '2017-05-30 12:00:00', 'THN4', '25.0', '31.0', 17),
(280, 'THN5-2017-05-14', '2017-05-30 12:00:00', 'THN5', '25.0', '30.0', 21),
(281, 'THN6-2017-05-14', '2017-05-30 12:00:00', 'THN6', '24.0', '35.0', 10),
(282, 'THN7-2017-05-14', '2017-05-30 12:00:00', 'THN7', '23.0', '28.0', 14),
(283, 'THN8-2017-05-14', '2017-05-30 12:00:00', 'THN8', '24.0', '35.0', 25),
(284, 'THN9-2017-05-14', '2017-05-30 12:00:00', 'THN9', '23.0', '31.0', 16),
(285, 'THN10-2017-05-14', '2017-05-30 12:00:00', 'THN10', '22.0', '36.0', 12),
(286, '1234567890abcdef', '2017-05-31 12:00:00', 'testacion1', '26.0', '32.0', 16),
(287, 'THN1-2017-05-14', '2017-05-31 12:00:00', 'THN1', '24.0', '30.0', 16),
(288, 'THN2-2017-05-14', '2017-05-31 12:00:00', 'THN2', '25.0', '32.0', 12),
(289, 'THN3-2017-05-14', '2017-05-31 12:00:00', 'THN3', '24.0', '27.0', 10),
(290, 'THN4-2017-05-14', '2017-05-31 12:00:00', 'THN4', '25.0', '31.0', 17),
(291, 'THN5-2017-05-14', '2017-05-31 12:00:00', 'THN5', '25.0', '30.0', 21),
(292, 'THN6-2017-05-14', '2017-05-31 12:00:00', 'THN6', '24.0', '35.0', 10),
(293, 'THN7-2017-05-14', '2017-05-31 12:00:00', 'THN7', '23.0', '28.0', 14),
(294, 'THN8-2017-05-14', '2017-05-31 12:00:00', 'THN8', '24.0', '35.0', 25),
(295, 'THN9-2017-05-14', '2017-05-31 12:00:00', 'THN9', '23.0', '31.0', 16),
(296, 'THN10-2017-05-14', '2017-05-31 12:00:00', 'THN10', '22.0', '36.0', 12),
(297, '1234567890abcdef', '2017-06-01 12:00:00', 'testacion1', '26.0', '32.0', 16),
(298, 'THN1-2017-05-14', '2017-06-01 12:00:00', 'THN1', '24.0', '30.0', 16),
(299, 'THN2-2017-05-14', '2017-06-01 12:00:00', 'THN2', '25.0', '32.0', 12),
(300, 'THN3-2017-05-14', '2017-06-01 12:00:00', 'THN3', '24.0', '27.0', 10),
(301, 'THN4-2017-05-14', '2017-06-01 12:00:00', 'THN4', '25.0', '31.0', 17),
(302, 'THN5-2017-05-14', '2017-06-01 12:00:00', 'THN5', '25.0', '30.0', 21),
(303, 'THN6-2017-05-14', '2017-06-01 12:00:00', 'THN6', '24.0', '35.0', 10),
(304, 'THN7-2017-05-14', '2017-06-01 12:00:00', 'THN7', '23.0', '28.0', 14),
(305, 'THN8-2017-05-14', '2017-06-01 12:00:00', 'THN8', '24.0', '35.0', 25),
(306, 'THN9-2017-05-14', '2017-06-01 12:00:00', 'THN9', '23.0', '31.0', 16),
(307, 'THN10-2017-05-14', '2017-06-01 12:00:00', 'THN10', '22.0', '36.0', 12),
(308, '1234567890abcdef', '2017-06-02 12:00:00', 'testacion1', '26.0', '32.0', 16),
(309, 'THN1-2017-05-14', '2017-06-02 12:00:00', 'THN1', '24.0', '30.0', 16),
(310, 'THN2-2017-05-14', '2017-06-02 12:00:00', 'THN2', '25.0', '32.0', 12),
(311, 'THN3-2017-05-14', '2017-06-02 12:00:00', 'THN3', '24.0', '27.0', 10),
(312, 'THN4-2017-05-14', '2017-06-02 12:00:00', 'THN4', '25.0', '31.0', 17),
(313, 'THN5-2017-05-14', '2017-06-02 12:00:00', 'THN5', '25.0', '30.0', 21),
(314, 'THN6-2017-05-14', '2017-06-02 12:00:00', 'THN6', '24.0', '35.0', 10),
(315, 'THN7-2017-05-14', '2017-06-02 12:00:00', 'THN7', '23.0', '28.0', 14),
(316, 'THN8-2017-05-14', '2017-06-02 12:00:00', 'THN8', '24.0', '35.0', 25),
(317, 'THN9-2017-05-14', '2017-06-02 12:00:00', 'THN9', '23.0', '31.0', 16),
(318, 'THN10-2017-05-14', '2017-06-02 12:00:00', 'THN10', '22.0', '36.0', 12),
(319, '1234567890abcdef', '2017-06-03 12:00:00', 'testacion1', '26.0', '32.0', 16),
(320, 'THN1-2017-05-14', '2017-06-03 12:00:00', 'THN1', '24.0', '30.0', 16),
(321, 'THN2-2017-05-14', '2017-06-03 12:00:00', 'THN2', '25.0', '32.0', 12),
(322, 'THN3-2017-05-14', '2017-06-03 12:00:00', 'THN3', '24.0', '27.0', 10),
(323, 'THN4-2017-05-14', '2017-06-03 12:00:00', 'THN4', '25.0', '31.0', 17),
(324, 'THN5-2017-05-14', '2017-06-03 12:00:00', 'THN5', '25.0', '30.0', 21),
(325, 'THN6-2017-05-14', '2017-06-03 12:00:00', 'THN6', '24.0', '35.0', 10),
(326, 'THN7-2017-05-14', '2017-06-03 12:00:00', 'THN7', '23.0', '28.0', 14),
(327, 'THN8-2017-05-14', '2017-06-03 12:00:00', 'THN8', '24.0', '35.0', 25),
(328, 'THN9-2017-05-14', '2017-06-03 12:00:00', 'THN9', '23.0', '31.0', 16),
(329, 'THN10-2017-05-14', '2017-06-03 12:00:00', 'THN10', '22.0', '36.0', 12),
(330, '1234567890abcdef', '2017-06-04 12:00:00', 'testacion1', '26.0', '32.0', 16),
(331, 'THN1-2017-05-14', '2017-06-04 12:00:00', 'THN1', '24.0', '30.0', 16),
(332, 'THN2-2017-05-14', '2017-06-04 12:00:00', 'THN2', '25.0', '32.0', 12),
(333, 'THN3-2017-05-14', '2017-06-04 12:00:00', 'THN3', '24.0', '27.0', 10),
(334, 'THN4-2017-05-14', '2017-06-04 12:00:00', 'THN4', '25.0', '31.0', 17),
(335, 'THN5-2017-05-14', '2017-06-04 12:00:00', 'THN5', '25.0', '30.0', 21),
(336, 'THN6-2017-05-14', '2017-06-04 12:00:00', 'THN6', '24.0', '35.0', 10),
(337, 'THN7-2017-05-14', '2017-06-04 12:00:00', 'THN7', '23.0', '28.0', 14),
(338, 'THN8-2017-05-14', '2017-06-04 12:00:00', 'THN8', '24.0', '35.0', 25),
(339, 'THN9-2017-05-14', '2017-06-04 12:00:00', 'THN9', '23.0', '31.0', 16),
(340, 'THN10-2017-05-14', '2017-06-04 12:00:00', 'THN10', '22.0', '36.0', 12),
(341, '1234567890abcdef', '2017-06-05 12:00:00', 'testacion1', '26.0', '32.0', 16),
(342, 'THN1-2017-05-14', '2017-06-05 12:00:00', 'THN1', '24.0', '30.0', 16),
(343, 'THN2-2017-05-14', '2017-06-05 12:00:00', 'THN2', '25.0', '32.0', 12),
(344, 'THN3-2017-05-14', '2017-06-05 12:00:00', 'THN3', '24.0', '27.0', 10),
(345, 'THN4-2017-05-14', '2017-06-05 12:00:00', 'THN4', '25.0', '31.0', 17),
(346, 'THN5-2017-05-14', '2017-06-05 12:00:00', 'THN5', '25.0', '30.0', 21),
(347, 'THN6-2017-05-14', '2017-06-05 12:00:00', 'THN6', '24.0', '35.0', 10),
(348, 'THN7-2017-05-14', '2017-06-05 12:00:00', 'THN7', '23.0', '28.0', 14),
(349, 'THN8-2017-05-14', '2017-06-05 12:00:00', 'THN8', '24.0', '35.0', 25),
(350, 'THN9-2017-05-14', '2017-06-05 12:00:00', 'THN9', '23.0', '31.0', 16),
(351, 'THN10-2017-05-14', '2017-06-05 12:00:00', 'THN10', '22.0', '36.0', 12),
(352, '1234567890abcdef', '2017-06-06 12:00:00', 'testacion1', '26.0', '32.0', 16),
(353, 'THN1-2017-05-14', '2017-06-06 12:00:00', 'THN1', '24.0', '30.0', 16),
(354, 'THN2-2017-05-14', '2017-06-06 12:00:00', 'THN2', '25.0', '32.0', 12),
(355, 'THN3-2017-05-14', '2017-06-06 12:00:00', 'THN3', '24.0', '27.0', 10),
(356, 'THN4-2017-05-14', '2017-06-06 12:00:00', 'THN4', '25.0', '31.0', 17),
(357, 'THN5-2017-05-14', '2017-06-06 12:00:00', 'THN5', '25.0', '30.0', 21),
(358, 'THN6-2017-05-14', '2017-06-06 12:00:00', 'THN6', '24.0', '35.0', 10),
(359, 'THN7-2017-05-14', '2017-06-06 12:00:00', 'THN7', '23.0', '28.0', 14),
(360, 'THN8-2017-05-14', '2017-06-06 12:00:00', 'THN8', '24.0', '35.0', 25),
(361, 'THN9-2017-05-14', '2017-06-06 12:00:00', 'THN9', '23.0', '31.0', 16),
(362, 'THN10-2017-05-14', '2017-06-06 12:00:00', 'THN10', '22.0', '36.0', 12),
(363, '1234567890abcdef', '2017-06-07 12:00:00', 'testacion1', '26.0', '32.0', 16),
(364, 'THN1-2017-05-14', '2017-06-07 12:00:00', 'THN1', '24.0', '30.0', 16),
(365, 'THN2-2017-05-14', '2017-06-07 12:00:00', 'THN2', '25.0', '32.0', 12),
(366, 'THN3-2017-05-14', '2017-06-07 12:00:00', 'THN3', '24.0', '27.0', 10),
(367, 'THN4-2017-05-14', '2017-06-07 12:00:00', 'THN4', '25.0', '31.0', 17),
(368, 'THN5-2017-05-14', '2017-06-07 12:00:00', 'THN5', '25.0', '30.0', 21),
(369, 'THN6-2017-05-14', '2017-06-07 12:00:00', 'THN6', '24.0', '35.0', 10),
(370, 'THN7-2017-05-14', '2017-06-07 12:00:00', 'THN7', '23.0', '28.0', 14),
(371, 'THN8-2017-05-14', '2017-06-07 12:00:00', 'THN8', '24.0', '35.0', 25),
(372, 'THN9-2017-05-14', '2017-06-07 12:00:00', 'THN9', '23.0', '31.0', 16),
(373, 'THN10-2017-05-14', '2017-06-07 12:00:00', 'THN10', '22.0', '36.0', 12),
(374, '1234567890abcdef', '2017-06-08 12:00:00', 'testacion1', '26.0', '32.0', 16),
(375, 'THN1-2017-05-14', '2017-06-08 12:00:00', 'THN1', '24.0', '30.0', 16),
(376, 'THN2-2017-05-14', '2017-06-08 12:00:00', 'THN2', '25.0', '32.0', 12),
(377, 'THN3-2017-05-14', '2017-06-08 12:00:00', 'THN3', '24.0', '27.0', 10),
(378, 'THN4-2017-05-14', '2017-06-08 12:00:00', 'THN4', '25.0', '31.0', 17),
(379, 'THN5-2017-05-14', '2017-06-08 12:00:00', 'THN5', '25.0', '30.0', 21),
(380, 'THN6-2017-05-14', '2017-06-08 12:00:00', 'THN6', '24.0', '35.0', 10),
(381, 'THN7-2017-05-14', '2017-06-08 12:00:00', 'THN7', '23.0', '28.0', 14),
(382, 'THN8-2017-05-14', '2017-06-08 12:00:00', 'THN8', '24.0', '35.0', 25),
(383, 'THN9-2017-05-14', '2017-06-08 12:00:00', 'THN9', '23.0', '31.0', 16),
(384, 'THN10-2017-05-14', '2017-06-08 12:00:00', 'THN10', '22.0', '36.0', 12),
(385, '1234567890abcdef', '2017-06-09 12:00:00', 'testacion1', '26.0', '32.0', 16),
(386, 'THN1-2017-05-14', '2017-06-09 12:00:00', 'THN1', '24.0', '30.0', 16),
(387, 'THN2-2017-05-14', '2017-06-09 12:00:00', 'THN2', '25.0', '32.0', 12),
(388, 'THN3-2017-05-14', '2017-06-09 12:00:00', 'THN3', '24.0', '27.0', 10),
(389, 'THN4-2017-05-14', '2017-06-09 12:00:00', 'THN4', '25.0', '31.0', 17),
(390, 'THN5-2017-05-14', '2017-06-09 12:00:00', 'THN5', '25.0', '30.0', 21),
(391, 'THN6-2017-05-14', '2017-06-09 12:00:00', 'THN6', '24.0', '35.0', 10),
(392, 'THN7-2017-05-14', '2017-06-09 12:00:00', 'THN7', '23.0', '28.0', 14),
(393, 'THN8-2017-05-14', '2017-06-09 12:00:00', 'THN8', '24.0', '35.0', 25),
(394, 'THN9-2017-05-14', '2017-06-09 12:00:00', 'THN9', '23.0', '31.0', 16),
(395, 'THN10-2017-05-14', '2017-06-09 12:00:00', 'THN10', '22.0', '36.0', 12),
(396, '1234567890abcdef', '2017-06-10 12:00:00', 'testacion1', '26.0', '32.0', 16),
(397, 'THN1-2017-05-14', '2017-06-10 12:00:00', 'THN1', '24.0', '30.0', 16),
(398, 'THN2-2017-05-14', '2017-06-10 12:00:00', 'THN2', '25.0', '32.0', 12),
(399, 'THN3-2017-05-14', '2017-06-10 12:00:00', 'THN3', '24.0', '27.0', 10),
(400, 'THN4-2017-05-14', '2017-06-10 12:00:00', 'THN4', '25.0', '31.0', 17),
(401, 'THN5-2017-05-14', '2017-06-10 12:00:00', 'THN5', '25.0', '30.0', 21),
(402, 'THN6-2017-05-14', '2017-06-10 12:00:00', 'THN6', '24.0', '35.0', 10),
(403, 'THN7-2017-05-14', '2017-06-10 12:00:00', 'THN7', '23.0', '28.0', 14),
(404, 'THN8-2017-05-14', '2017-06-10 12:00:00', 'THN8', '24.0', '35.0', 25),
(405, 'THN9-2017-05-14', '2017-06-10 12:00:00', 'THN9', '23.0', '31.0', 16),
(406, 'THN10-2017-05-14', '2017-06-10 12:00:00', 'THN10', '22.0', '36.0', 12),
(407, '1234567890abcdef', '2017-06-11 12:00:00', 'testacion1', '26.0', '32.0', 16),
(408, 'THN1-2017-05-14', '2017-06-11 12:00:00', 'THN1', '24.0', '30.0', 16),
(409, 'THN2-2017-05-14', '2017-06-11 12:00:00', 'THN2', '25.0', '32.0', 12),
(410, 'THN3-2017-05-14', '2017-06-11 12:00:00', 'THN3', '24.0', '27.0', 10),
(411, 'THN4-2017-05-14', '2017-06-11 12:00:00', 'THN4', '25.0', '31.0', 17),
(412, 'THN5-2017-05-14', '2017-06-11 12:00:00', 'THN5', '25.0', '30.0', 21),
(413, 'THN6-2017-05-14', '2017-06-11 12:00:00', 'THN6', '24.0', '35.0', 10),
(414, 'THN7-2017-05-14', '2017-06-11 12:00:00', 'THN7', '23.0', '28.0', 14),
(415, 'THN8-2017-05-14', '2017-06-11 12:00:00', 'THN8', '24.0', '35.0', 25),
(416, 'THN9-2017-05-14', '2017-06-11 12:00:00', 'THN9', '23.0', '31.0', 16),
(417, 'THN10-2017-05-14', '2017-06-11 12:00:00', 'THN10', '22.0', '36.0', 12),
(418, '1234567890abcdef', '2017-06-12 12:00:00', 'testacion1', '26.0', '32.0', 16),
(419, 'THN1-2017-05-14', '2017-06-12 12:00:00', 'THN1', '24.0', '30.0', 16),
(420, 'THN2-2017-05-14', '2017-06-12 12:00:00', 'THN2', '25.0', '32.0', 12),
(421, 'THN3-2017-05-14', '2017-06-12 12:00:00', 'THN3', '24.0', '27.0', 10),
(422, 'THN4-2017-05-14', '2017-06-12 12:00:00', 'THN4', '25.0', '31.0', 17),
(423, 'THN5-2017-05-14', '2017-06-12 12:00:00', 'THN5', '25.0', '30.0', 21),
(424, 'THN6-2017-05-14', '2017-06-12 12:00:00', 'THN6', '24.0', '35.0', 10),
(425, 'THN7-2017-05-14', '2017-06-12 12:00:00', 'THN7', '23.0', '28.0', 14),
(426, 'THN8-2017-05-14', '2017-06-12 12:00:00', 'THN8', '24.0', '35.0', 25),
(427, 'THN9-2017-05-14', '2017-06-12 12:00:00', 'THN9', '23.0', '31.0', 16),
(428, 'THN10-2017-05-14', '2017-06-12 12:00:00', 'THN10', '22.0', '36.0', 12),
(429, '1234567890abcdef', '2017-06-13 12:00:00', 'testacion1', '26.0', '32.0', 16),
(430, 'THN1-2017-05-14', '2017-06-13 12:00:00', 'THN1', '24.0', '30.0', 16),
(431, 'THN2-2017-05-14', '2017-06-13 12:00:00', 'THN2', '25.0', '32.0', 12),
(432, 'THN3-2017-05-14', '2017-06-13 12:00:00', 'THN3', '24.0', '27.0', 10),
(433, 'THN4-2017-05-14', '2017-06-13 12:00:00', 'THN4', '25.0', '31.0', 17),
(434, 'THN5-2017-05-14', '2017-06-13 12:00:00', 'THN5', '25.0', '30.0', 21),
(435, 'THN6-2017-05-14', '2017-06-13 12:00:00', 'THN6', '24.0', '35.0', 10),
(436, 'THN7-2017-05-14', '2017-06-13 12:00:00', 'THN7', '23.0', '28.0', 14),
(437, 'THN8-2017-05-14', '2017-06-13 12:00:00', 'THN8', '24.0', '35.0', 25),
(438, 'THN9-2017-05-14', '2017-06-13 12:00:00', 'THN9', '23.0', '31.0', 16),
(439, 'THN10-2017-05-14', '2017-06-13 12:00:00', 'THN10', '22.0', '36.0', 12),
(440, '1234567890abcdef', '2017-06-15 12:00:00', 'testacion1', '26.0', '32.0', 16),
(441, 'THN1-2017-05-14', '2017-06-15 12:00:00', 'THN1', '24.0', '30.0', 16),
(442, 'THN2-2017-05-14', '2017-06-15 12:00:00', 'THN2', '25.0', '32.0', 12),
(443, 'THN3-2017-05-14', '2017-06-15 12:00:00', 'THN3', '24.0', '27.0', 10),
(444, 'THN4-2017-05-14', '2017-06-15 12:00:00', 'THN4', '25.0', '31.0', 17),
(445, 'THN5-2017-05-14', '2017-06-15 12:00:00', 'THN5', '25.0', '30.0', 21),
(446, 'THN6-2017-05-14', '2017-06-15 12:00:00', 'THN6', '24.0', '35.0', 10),
(447, 'THN7-2017-05-14', '2017-06-15 12:00:00', 'THN7', '23.0', '28.0', 14),
(448, 'THN8-2017-05-14', '2017-06-15 12:00:00', 'THN8', '24.0', '35.0', 25),
(449, 'THN9-2017-05-14', '2017-06-15 12:00:00', 'THN9', '23.0', '31.0', 16),
(450, 'THN10-2017-05-14', '2017-06-15 12:00:00', 'THN10', '22.0', '36.0', 12),
(451, '1234567890abcdef', '2017-06-16 12:00:00', 'testacion1', '28.0', '30.0', 14),
(452, 'THN1-2017-05-14', '2017-06-16 12:00:00', 'THN1', '27.0', '28.0', 13),
(453, 'THN2-2017-05-14', '2017-06-16 12:00:00', 'THN2', '27.0', '29.0', 10),
(454, 'THN3-2017-05-14', '2017-06-16 12:00:00', 'THN3', '28.0', '31.0', 15),
(455, 'THN4-2017-05-14', '2017-06-16 12:00:00', 'THN4', '28.0', '30.0', 21),
(456, 'THN5-2017-05-14', '2017-06-16 12:00:00', 'THN5', '29.0', '33.0', 18),
(457, 'THN6-2017-05-14', '2017-06-16 12:00:00', 'THN6', '28.0', '31.0', 15),
(458, 'THN7-2017-05-14', '2017-06-16 12:00:00', 'THN7', '27.0', '30.0', 19),
(459, 'THN8-2017-05-14', '2017-06-16 12:00:00', 'THN8', '28.0', '30.0', 20),
(460, 'THN9-2017-05-14', '2017-06-16 12:00:00', 'THN9', '26.0', '28.0', 15),
(461, 'THN10-2017-05-14', '2017-06-16 12:00:00', 'THN10', '29.0', '31.0', 17),
(462, '1234567890abcdef', '2017-06-17 12:00:00', 'testacion1', '29.0', '28.0', 10),
(463, 'THN1-2017-05-14', '2017-06-17 12:00:00', 'THN1', '30.0', '26.0', 10),
(464, 'THN2-2017-05-14', '2017-06-17 12:00:00', 'THN2', '29.0', '31.0', 10),
(465, 'THN3-2017-05-14', '2017-06-17 12:00:00', 'THN3', '29.0', '27.0', 10),
(466, 'THN4-2017-05-14', '2017-06-17 12:00:00', 'THN4', '31.0', '26.0', 10),
(467, 'THN5-2017-05-14', '2017-06-17 12:00:00', 'THN5', '31.0', '24.0', 12),
(468, 'THN6-2017-05-14', '2017-06-17 12:00:00', 'THN6', '31.0', '25.0', 11),
(469, 'THN7-2017-05-14', '2017-06-17 12:00:00', 'THN7', '29.0', '27.0', 10),
(470, 'THN8-2017-05-14', '2017-06-17 12:00:00', 'THN8', '31.0', '29.0', 15),
(471, 'THN9-2017-05-14', '2017-06-17 12:00:00', 'THN9', '28.0', '24.0', 12),
(472, 'THN10-2017-05-14', '2017-06-17 12:00:00', 'THN10', '30.0', '27.0', 9),
(473, '1234567890abcdef', '2017-06-18 12:00:00', 'testacion1', '29.0', '28.0', 10),
(474, 'THN1-2017-05-14', '2017-06-18 12:00:00', 'THN1', '30.0', '26.0', 10),
(475, 'THN2-2017-05-14', '2017-06-18 12:00:00', 'THN2', '29.0', '31.0', 10),
(476, 'THN3-2017-05-14', '2017-06-18 12:00:00', 'THN3', '29.0', '27.0', 10),
(477, 'THN4-2017-05-14', '2017-06-18 12:00:00', 'THN4', '31.0', '26.0', 10),
(478, 'THN5-2017-05-14', '2017-06-18 12:00:00', 'THN5', '31.0', '24.0', 12),
(479, 'THN6-2017-05-14', '2017-06-18 12:00:00', 'THN6', '31.0', '25.0', 11),
(480, 'THN7-2017-05-14', '2017-06-18 12:00:00', 'THN7', '29.0', '27.0', 10),
(481, 'THN8-2017-05-14', '2017-06-18 12:00:00', 'THN8', '31.0', '29.0', 15),
(482, 'THN9-2017-05-14', '2017-06-18 12:00:00', 'THN9', '28.0', '24.0', 12),
(483, 'THN10-2017-05-14', '2017-06-18 12:00:00', 'THN10', '30.0', '27.0', 9),
(484, '1234567890abcdef', '2017-06-19 12:00:00', 'testacion1', '31.0', '25.0', 22),
(485, 'THN1-2017-05-14', '2017-06-19 12:00:00', 'THN1', '32.0', '25.0', 18),
(486, 'THN2-2017-05-14', '2017-06-19 12:00:00', 'THN2', '31.0', '25.0', 17),
(487, 'THN3-2017-05-14', '2017-06-19 12:00:00', 'THN3', '32.0', '34.0', 19),
(488, 'THN4-2017-05-14', '2017-06-19 12:00:00', 'THN4', '31.0', '34.0', 21),
(489, 'THN5-2017-05-14', '2017-06-19 12:00:00', 'THN5', '31.0', '37.0', 25),
(490, 'THN6-2017-05-14', '2017-06-19 12:00:00', 'THN6', '31.0', '31.0', 15),
(491, 'THN7-2017-05-14', '2017-06-19 12:00:00', 'THN7', '30.0', '31.0', 21),
(492, 'THN8-2017-05-14', '2017-06-19 12:00:00', 'THN8', '29.0', '31.0', 25),
(493, 'THN9-2017-05-14', '2017-06-19 12:00:00', 'THN9', '28.0', '42.0', 12),
(494, 'THN10-2017-05-14', '2017-06-19 12:00:00', 'THN10', '29.0', '27.0', 19),
(495, '1234567890abcdef', '2017-06-20 12:00:00', 'testacion1', '26.0', '35.0', 21),
(496, 'THN1-2017-05-14', '2017-06-20 12:00:00', 'THN1', '24.0', '35.0', 25),
(497, 'THN2-2017-05-14', '2017-06-20 12:00:00', 'THN2', '25.0', '38.0', 19),
(498, 'THN3-2017-05-14', '2017-06-20 12:00:00', 'THN3', '24.0', '28.0', 15),
(499, 'THN4-2017-05-14', '2017-06-20 12:00:00', 'THN4', '25.0', '36.0', 26),
(500, 'THN5-2017-05-14', '2017-06-20 12:00:00', 'THN5', '25.0', '34.0', 26),
(501, 'THN6-2017-05-14', '2017-06-20 12:00:00', 'THN6', '24.0', '36.0', 12),
(502, 'THN7-2017-05-14', '2017-06-20 12:00:00', 'THN7', '23.0', '36.0', 16),
(503, 'THN8-2017-05-14', '2017-06-20 12:00:00', 'THN8', '24.0', '33.0', 22),
(504, 'THN9-2017-05-14', '2017-06-20 12:00:00', 'THN9', '23.0', '28.0', 15),
(505, 'THN10-2017-05-14', '2017-06-20 12:00:00', 'THN10', '24.0', '32.0', 15),
(506, '1234567890abcdef', '2017-06-21 12:00:00', 'testacion1', '27.0', '30.0', 28),
(507, 'THN1-2017-05-14', '2017-06-21 12:00:00', 'THN1', '25.0', '32.0', 27),
(508, 'THN2-2017-05-14', '2017-06-21 12:00:00', 'THN2', '25.0', '31.0', 15),
(509, 'THN3-2017-05-14', '2017-06-21 12:00:00', 'THN3', '25.0', '31.0', 17),
(510, 'THN4-2017-05-14', '2017-06-21 12:00:00', 'THN4', '25.0', '32.0', 24),
(511, 'THN5-2017-05-14', '2017-06-21 12:00:00', 'THN5', '25.0', '29.0', 22),
(512, 'THN6-2017-05-14', '2017-06-21 12:00:00', 'THN6', '25.0', '21.0', 10),
(513, 'THN7-2017-05-14', '2017-06-21 12:00:00', 'THN7', '24.0', '31.0', 19),
(514, 'THN8-2017-05-14', '2017-06-21 12:00:00', 'THN8', '24.0', '36.0', 25),
(515, 'THN9-2017-05-14', '2017-06-21 12:00:00', 'THN9', '23.0', '27.0', 17),
(516, 'THN10-2017-05-14', '2017-06-21 12:00:00', 'THN10', '24.0', '35.0', 12),
(517, '1234567890abcdef', '2017-06-22 12:00:00', 'testacion1', '25.0', '37.0', 29),
(518, 'THN1-2017-05-14', '2017-06-22 12:00:00', 'THN1', '24.0', '33.0', 21),
(519, 'THN2-2017-05-14', '2017-06-22 12:00:00', 'THN2', '25.0', '42.0', 12),
(520, 'THN3-2017-05-14', '2017-06-22 12:00:00', 'THN3', '25.0', '32.0', 15),
(521, 'THN4-2017-05-14', '2017-06-22 12:00:00', 'THN4', '25.0', '34.0', 25),
(522, 'THN5-2017-05-14', '2017-06-22 12:00:00', 'THN5', '25.0', '31.0', 22),
(523, 'THN6-2017-05-14', '2017-06-22 12:00:00', 'THN6', '24.0', '38.0', 11),
(524, 'THN7-2017-05-14', '2017-06-22 12:00:00', 'THN7', '25.0', '30.0', 14),
(525, 'THN8-2017-05-14', '2017-06-22 12:00:00', 'THN8', '25.0', '34.0', 21),
(526, 'THN9-2017-05-14', '2017-06-22 12:00:00', 'THN9', '24.0', '31.0', 18),
(527, 'THN10-2017-05-14', '2017-06-22 12:00:00', 'THN10', '24.0', '36.0', 14);

-- --------------------------------------------------------

--
-- Estructura de tabla para la tabla `rooms`
--

CREATE TABLE `rooms` (
  `id` int(11) NOT NULL,
  `name` varchar(30) NOT NULL,
  `visits` int(11) NOT NULL DEFAULT '0'
) ENGINE=InnoDB DEFAULT CHARSET=utf8;

--
-- Volcado de datos para la tabla `rooms`
--

INSERT INTO `rooms` (`id`, `name`, `visits`) VALUES
(1, 'Cafetería', 85),
(2, 'Aula 1', 36),
(3, 'Aula 2', 5),
(4, 'Aula 3', 8),
(5, 'Aula 4', 7),
(6, 'Aula 5', 8),
(7, 'Sala de conferencias', 8),
(8, 'Delegación de alumnos', 41),
(9, 'Pasillos', 13),
(10, 'W.C norte', 3),
(11, 'W.C sur', 3),
(12, 'W.C biblioteca', 1);

-- --------------------------------------------------------

--
-- Estructura de tabla para la tabla `roomslots`
--

CREATE TABLE `roomslots` (
  `id` int(11) NOT NULL,
  `roomid` int(11) NOT NULL,
  `slot` int(1) NOT NULL
) ENGINE=InnoDB DEFAULT CHARSET=utf8;

--
-- Volcado de datos para la tabla `roomslots`
--

INSERT INTO `roomslots` (`id`, `roomid`, `slot`) VALUES
(1, 1, 1),
(2, 1, 2),
(3, 1, 3),
(4, 1, 4),
(5, 2, 1),
(6, 2, 2),
(7, 2, 3),
(8, 2, 4),
(9, 3, 1),
(10, 3, 2),
(11, 3, 3),
(12, 3, 4),
(13, 4, 1),
(14, 4, 2),
(15, 4, 3),
(16, 4, 4),
(17, 5, 1),
(18, 5, 2),
(19, 5, 3),
(20, 5, 4),
(21, 6, 1),
(22, 6, 2),
(23, 6, 3),
(24, 6, 4),
(25, 7, 1),
(26, 7, 2),
(27, 7, 3),
(28, 7, 4),
(29, 8, 1),
(30, 8, 2),
(31, 8, 3),
(32, 8, 4),
(33, 9, 1),
(34, 9, 2),
(35, 9, 3),
(36, 9, 4),
(37, 10, 1),
(38, 10, 2),
(39, 10, 3),
(40, 10, 4),
(41, 11, 1),
(42, 11, 2),
(43, 11, 3),
(44, 11, 4),
(45, 12, 1),
(46, 12, 2),
(47, 12, 3),
(48, 12, 4);

-- --------------------------------------------------------

--
-- Estructura de tabla para la tabla `stations`
--

CREATE TABLE `stations` (
  `id` int(11) NOT NULL,
  `name` varchar(20) NOT NULL,
  `currentTrack` varchar(16) DEFAULT NULL,
  `currentTrackSince` datetime DEFAULT CURRENT_TIMESTAMP ON UPDATE CURRENT_TIMESTAMP,
  `operative` tinyint(1) NOT NULL
) ENGINE=InnoDB DEFAULT CHARSET=utf8 ROW_FORMAT=COMPACT;

--
-- Volcado de datos para la tabla `stations`
--

INSERT INTO `stations` (`id`, `name`, `currentTrack`, `currentTrackSince`, `operative`) VALUES
(1, 'testacion1', '1234567890abcdef', '2017-04-27 19:04:23', 1),
(2, 'testacion2', 'abcdef1234567890', '2017-04-27 19:04:23', 1),
(3, 'THN1', 'THN1-2017-05-14', '2017-05-14 17:35:23', 1),
(4, 'THN2', 'THN2-2017-05-14', '2017-05-14 17:35:23', 1),
(5, 'THN3', 'THN3-2017-05-14', '2017-05-14 17:35:23', 1),
(6, 'THN4', 'THN4-2017-05-14', '2017-05-14 17:35:23', 1),
(7, 'THN5', 'THN5-2017-05-14', '2017-05-14 17:35:23', 1),
(8, 'THN6', 'THN6-2017-05-14', '2017-05-14 17:35:23', 1),
(9, 'THN7', 'THN7-2017-05-14', '2017-05-14 17:35:23', 1),
(10, 'THN8', 'THN8-2017-05-14', '2017-05-14 17:35:23', 1),
(11, 'THN9', 'THN9-2017-05-14', '2017-05-14 17:35:23', 1),
(12, 'THN10', 'THN10-2017-05-14', '2017-05-14 17:35:23', 1),
(13, 'abandonHadware', '51eb6dba2c915dd9', '2017-06-24 19:19:33', 1);

-- --------------------------------------------------------

--
-- Estructura de tabla para la tabla `users`
--

CREATE TABLE `users` (
  `email` varchar(30) NOT NULL,
  `pw` varchar(255) NOT NULL,
  `nick` varchar(20) NOT NULL,
  `isadmin` tinyint(1) NOT NULL DEFAULT '0',
  `sinceDate` datetime NOT NULL DEFAULT CURRENT_TIMESTAMP,
  `avatar` mediumblob,
  `id` int(11) NOT NULL
) ENGINE=InnoDB DEFAULT CHARSET=utf8 ROW_FORMAT=COMPACT;

--
-- Volcado de datos para la tabla `users`
--

INSERT INTO `users` (`email`, `pw`, `nick`, `isadmin`, `sinceDate`, `avatar`, `id`) VALUES
('secalero@ucm.es', '$2y$12$8b0w73wqoKGU4zzXa/uKfuAdkhvu/KmOyvD1bGycOQK9MUs6A7B3W', 'secalero', 1, '2017-04-25 00:00:00', NULL, 1),
('dvalbuen@ucm.es', '$2y$12$1QNtTDsbcMVkk7C6WrSuC.8C54kUEBG4cHnRDLaUE6A2YP.pS/nwO', 'dvalbuen', 0, '2017-04-25 00:00:00', NULL, 2),
('user.basic@ucm.es', '$2y$12$lcZNmSwZB/Qzwp35D4rx8ugAsOPZMjDivKhG6Bxay3isva9YMKli.', 'user.basic', 0, '2017-06-25 16:44:23', NULL, 3);

--
-- Índices para tablas volcadas
--

--
-- Indices de la tabla `cards`
--
ALTER TABLE `cards`
  ADD PRIMARY KEY (`id`),
  ADD UNIQUE KEY `identity` (`identity`);

--
-- Indices de la tabla `cellboard`
--
ALTER TABLE `cellboard`
  ADD UNIQUE KEY `cellId` (`cellId`);

--
-- Indices de la tabla `dashboardprofiles`
--
ALTER TABLE `dashboardprofiles`
  ADD PRIMARY KEY (`id`),
  ADD KEY `userEmail` (`userEmail`),
  ADD KEY `cardId` (`cardIdentity`),
  ADD KEY `cell` (`cell`);

--
-- Indices de la tabla `favorites`
--
ALTER TABLE `favorites`
  ADD PRIMARY KEY (`id`),
  ADD KEY `idUser` (`idUser`),
  ADD KEY `idRoom` (`idRoom`);

--
-- Indices de la tabla `measurelogs`
--
ALTER TABLE `measurelogs`
  ADD PRIMARY KEY (`roomslotid`,`measuretrack`),
  ADD KEY `measuretrack` (`measuretrack`);

--
-- Indices de la tabla `measures`
--
ALTER TABLE `measures`
  ADD PRIMARY KEY (`id`),
  ADD KEY `track` (`track`),
  ADD KEY `stationname` (`stationname`);

--
-- Indices de la tabla `rooms`
--
ALTER TABLE `rooms`
  ADD PRIMARY KEY (`id`);

--
-- Indices de la tabla `roomslots`
--
ALTER TABLE `roomslots`
  ADD PRIMARY KEY (`id`),
  ADD KEY `roomid` (`roomid`);

--
-- Indices de la tabla `stations`
--
ALTER TABLE `stations`
  ADD PRIMARY KEY (`id`),
  ADD UNIQUE KEY `name` (`name`),
  ADD UNIQUE KEY `currentTrack` (`currentTrack`),
  ADD KEY `name_2` (`name`);

--
-- Indices de la tabla `users`
--
ALTER TABLE `users`
  ADD PRIMARY KEY (`id`),
  ADD UNIQUE KEY `email` (`email`),
  ADD UNIQUE KEY `nick` (`nick`);

--
-- AUTO_INCREMENT de las tablas volcadas
--

--
-- AUTO_INCREMENT de la tabla `cards`
--
ALTER TABLE `cards`
  MODIFY `id` int(11) NOT NULL AUTO_INCREMENT, AUTO_INCREMENT=8;
--
-- AUTO_INCREMENT de la tabla `dashboardprofiles`
--
ALTER TABLE `dashboardprofiles`
  MODIFY `id` int(11) NOT NULL AUTO_INCREMENT, AUTO_INCREMENT=27;
--
-- AUTO_INCREMENT de la tabla `favorites`
--
ALTER TABLE `favorites`
  MODIFY `id` int(11) NOT NULL AUTO_INCREMENT, AUTO_INCREMENT=30;
--
-- AUTO_INCREMENT de la tabla `measures`
--
ALTER TABLE `measures`
  MODIFY `id` int(11) NOT NULL AUTO_INCREMENT, AUTO_INCREMENT=528;
--
-- AUTO_INCREMENT de la tabla `rooms`
--
ALTER TABLE `rooms`
  MODIFY `id` int(11) NOT NULL AUTO_INCREMENT, AUTO_INCREMENT=13;
--
-- AUTO_INCREMENT de la tabla `roomslots`
--
ALTER TABLE `roomslots`
  MODIFY `id` int(11) NOT NULL AUTO_INCREMENT, AUTO_INCREMENT=49;
--
-- AUTO_INCREMENT de la tabla `stations`
--
ALTER TABLE `stations`
  MODIFY `id` int(11) NOT NULL AUTO_INCREMENT, AUTO_INCREMENT=14;
--
-- AUTO_INCREMENT de la tabla `users`
--
ALTER TABLE `users`
  MODIFY `id` int(11) NOT NULL AUTO_INCREMENT, AUTO_INCREMENT=4;
--
-- Restricciones para tablas volcadas
--

--
-- Filtros para la tabla `dashboardprofiles`
--
ALTER TABLE `dashboardprofiles`
  ADD CONSTRAINT `dashboardprofiles_ibfk_2` FOREIGN KEY (`userEmail`) REFERENCES `users` (`email`) ON DELETE CASCADE ON UPDATE CASCADE,
  ADD CONSTRAINT `dashboardprofiles_ibfk_3` FOREIGN KEY (`cell`) REFERENCES `cellboard` (`cellId`) ON DELETE CASCADE ON UPDATE CASCADE,
  ADD CONSTRAINT `dashboardprofiles_ibfk_4` FOREIGN KEY (`cardIdentity`) REFERENCES `cards` (`identity`) ON DELETE CASCADE ON UPDATE CASCADE;

--
-- Filtros para la tabla `favorites`
--
ALTER TABLE `favorites`
  ADD CONSTRAINT `favorites_ibfk_1` FOREIGN KEY (`idUser`) REFERENCES `users` (`id`) ON DELETE CASCADE ON UPDATE CASCADE,
  ADD CONSTRAINT `favorites_ibfk_2` FOREIGN KEY (`idRoom`) REFERENCES `rooms` (`id`) ON DELETE CASCADE ON UPDATE CASCADE;

--
-- Filtros para la tabla `measurelogs`
--
ALTER TABLE `measurelogs`
  ADD CONSTRAINT `measurelogs_ibfk_1` FOREIGN KEY (`roomslotid`) REFERENCES `roomslots` (`id`) ON UPDATE CASCADE;

--
-- Filtros para la tabla `measures`
--
ALTER TABLE `measures`
  ADD CONSTRAINT `measures_ibfk_1` FOREIGN KEY (`track`) REFERENCES `measurelogs` (`measuretrack`) ON UPDATE CASCADE,
  ADD CONSTRAINT `measures_ibfk_2` FOREIGN KEY (`stationname`) REFERENCES `stations` (`name`) ON DELETE NO ACTION ON UPDATE CASCADE;

--
-- Filtros para la tabla `roomslots`
--
ALTER TABLE `roomslots`
  ADD CONSTRAINT `roomslots_ibfk_1` FOREIGN KEY (`roomid`) REFERENCES `rooms` (`id`) ON UPDATE CASCADE;

/*!40101 SET CHARACTER_SET_CLIENT=@OLD_CHARACTER_SET_CLIENT */;
/*!40101 SET CHARACTER_SET_RESULTS=@OLD_CHARACTER_SET_RESULTS */;
/*!40101 SET COLLATION_CONNECTION=@OLD_COLLATION_CONNECTION */;
